{
  "vibration_mean": 2.0072101024947826,
  "vibration_std": 0.39848161489646877,
  "temperature_mean": 35.024118414436884,
  "temperature_std": 1.1729600555794881,
  "threshold": 3.0
}